{
  "baseline_k3": {
    "mean": 0.42664056867361067,
    "std": 0.1115853073311747
  },
  "oracle_rerank": {
    "mean": 0.4758373945951462,
    "std": 0.08338908373748707
  },
  "top1_hit_rate": {
    "mean": 0.05058375330247503,
    "std": 0.008650353634892211
  },
  "oracle_rerank_blend3": {
    "mean": 0.48631361722946165,
    "std": 0.08476315115024916
  },
  "dtw_oracle": {
    "mean": 0.7164753347635269,
    "std": 0.06034723169093384
  }
}