{
  "dtw_mean_best": {
    "mean": 0.35351508259773257,
    "std": 0.1096271447753412
  },
  "dtw_ifr_best": {
    "mean": 0.3455714777112007,
    "std": 0.10182018069210966
  },
  "dtw_ifr_blend3": {
    "mean": 0.33121089041233065,
    "std": 0.09225983066444436
  }
}