{
  "ratio_var": 5.639233112335205,
  "ratio_means": 0.6658832430839539,
  "ratio_l1": 0.331238716840744,
  "eff_rank_pred": 5.342757225036621,
  "ratio_per_coeff": [
    7.036911964416504,
    12.319544792175293,
    8.648772239685059,
    4.244430065155029,
    2.7798802852630615,
    1.1245460510253906,
    1.9116863012313843,
    3.1526100635528564,
    1.076210379600525,
    2.049327850341797,
    2.549318313598633,
    1.3840409517288208,
    1.6337305307388306,
    1.2406381368637085,
    1.260359525680542,
    1.0222290754318237,
    1.3640860319137573,
    1.053609848022461,
    1.053397297859192,
    2.052340507507324,
    2.225828170776367,
    1.0348479747772217,
    1.9848976135253906,
    3.157526969909668,
    1.4844915866851807
  ]
}