{
  "A_srcF0shift_tgtMC_srcAP": {
    "mean": 0.7161889344453811,
    "std": 0.06021140958841951
  },
  "B_srcF0shift_tgtMC_tgtAP": {
    "mean": 0.7158260226249695,
    "std": 0.06891203828834339
  },
  "C_tgtF0_tgtMC_srcAP": {
    "mean": 0.7318384736776352,
    "std": 0.07992993228391745
  },
  "D_tgtF0_tgtMC_tgtAP": {
    "mean": 0.7403667718172073,
    "std": 0.07951150042995654
  },
  "E_srcF0_tgtMC_tgtAP": {
    "mean": 0.5700587674975395,
    "std": 0.1823340554805415
  },
  "F_tgtMeanF0_tgtMC_tgtAP": {
    "mean": 0.6989617303013802,
    "std": 0.07803403811619317
  }
}