{
  "mean": 0.36471061722841114,
  "std": 0.33396994457361934,
  "ci_lo": 0.31793108842638323,
  "ci_hi": 0.40753565774380696,
  "raw_scores": [
    0.7040213346481323,
    0.6456922292709351,
    0.7336193323135376,
    0.6936953067779541,
    0.6990811824798584,
    0.46100616455078125,
    0.7130695581436157,
    0.7298858165740967,
    0.6871916055679321,
    0.6368189454078674,
    0.687201738357544,
    0.6008181571960449,
    0.7279787659645081,
    0.6343487501144409,
    0.6433110237121582,
    0.656958281993866,
    0.7995889782905579,
    0.7670618891716003,
    0.6835391521453857,
    0.7466663122177124,
    0.7364665865898132,
    0.6335572600364685,
    0.7021951675415039,
    0.7356961369514465,
    0.5984315872192383,
    0.6881025433540344,
    0.714016318321228,
    0.6383923292160034,
    0.7065321207046509,
    0.8102669715881348,
    0.5547562837600708,
    0.7118326425552368,
    0.7376247644424438,
    0.6660088300704956,
    0.6035768985748291,
    0.7741496562957764,
    0.8167833089828491,
    0.6818014979362488,
    0.7426852583885193,
    0.6926260590553284,
    0.549500584602356,
    0.5495386123657227,
    0.7699150443077087,
    0.654078483581543,
    0.7133508920669556,
    0.694732129573822,
    0.7118486166000366,
    0.7991595268249512,
    0.7573439478874207,
    0.6836449503898621,
    0.5404338836669922,
    0.7224080562591553,
    0.46299055218696594,
    0.5910688042640686,
    0.603258490562439,
    0.6935376524925232,
    0.7619820833206177,
    0.6200919151306152,
    0.7019506692886353,
    0.5999479293823242,
    0.6592937707901001,
    0.6673169136047363,
    0.6717162728309631,
    0.3613840937614441,
    0.5877333879470825,
    0.5806971788406372,
    0.6931217312812805,
    0.7548758387565613,
    0.5233448147773743,
    0.4712586998939514,
    0.6712287664413452,
    0.6770879030227661,
    0.6535363793373108,
    0.7661541700363159,
    0.566019594669342,
    0.5292658805847168,
    0.6394593715667725,
    0.7592332363128662,
    0.5407361388206482,
    0.6983847618103027,
    0.8134972453117371,
    0.49867334961891174,
    0.6351314187049866,
    0.6388376951217651,
    0.6057519912719727,
    0.6617206335067749,
    0.6556396484375,
    0.5405445098876953,
    0.744135856628418,
    0.5043290853500366,
    0.6965542435646057,
    0.6377710103988647,
    0.8203866481781006,
    0.7163217067718506,
    0.579657256603241,
    0.7438957095146179,
    -0.035763416439294815,
    -0.04716511443257332,
    0.0038435235619544983,
    -0.003507649526000023,
    0.0728192999958992,
    0.765158474445343,
    0.4757652282714844,
    0.5701309442520142,
    0.3052423298358917,
    -0.058514900505542755,
    0.30860838294029236,
    0.6747586131095886,
    -0.021072372794151306,
    -0.06464976817369461,
    0.009286560118198395,
    0.016661129891872406,
    -0.005528606474399567,
    0.09381145238876343,
    0.014615899883210659,
    0.257031112909317,
    0.37043648958206177,
    -0.03136454150080681,
    0.0559675432741642,
    0.3036804795265198,
    0.019261132925748825,
    -0.009402478113770485,
    -0.09211629629135132,
    -0.06347645819187164,
    -0.14458048343658447,
    -0.03618226572871208,
    -0.160315603017807,
    0.07646836340427399,
    0.13399352133274078,
    -0.11200312525033951,
    -0.11140721291303635,
    0.3045240044593811,
    -0.14212071895599365,
    0.03880925476551056,
    0.08229576796293259,
    -0.03292320668697357,
    -0.03472772240638733,
    0.2767254710197449,
    -0.05262672156095505,
    -0.05409183353185654,
    0.3294031620025635,
    0.05147580802440643,
    -0.08224013447761536,
    -0.014732440933585167,
    -0.03991515561938286,
    0.007603175938129425,
    -0.06671737134456635,
    0.42111843824386597,
    0.06419503688812256,
    0.029630377888679504,
    -0.028911815956234932,
    -0.024913158267736435,
    0.008428748697042465,
    0.5176536440849304,
    -0.12758894264698029,
    0.03356926143169403,
    -0.018475204706192017,
    0.044493693858385086,
    0.10059840232133865,
    -0.0053962357342243195,
    0.05432240292429924,
    -0.14585384726524353,
    0.015018973499536514,
    -0.03868202120065689,
    0.09098111093044281,
    0.09934863448143005,
    0.015034608542919159,
    -0.09059108793735504,
    -0.09468525648117065,
    0.037882186472415924,
    0.08850549161434174,
    -0.02058403752744198,
    -0.01570480316877365,
    0.05405759811401367,
    0.005938878282904625,
    -0.071710005402565,
    0.07248843461275101,
    0.04885713383555412,
    0.06294993311166763,
    -0.03675800561904907,
    0.07112503051757812,
    0.02282000705599785,
    -0.0459347702562809,
    -0.054725587368011475,
    -0.07206276059150696,
    0.010885320603847504,
    -0.07084640860557556,
    -0.06517144292593002,
    0.7353377342224121,
    0.173860564827919,
    -0.10256075859069824,
    0.007908850908279419,
    0.07536324858665466,
    0.08034953474998474,
    0.8344517350196838,
    0.5969915390014648,
    0.49145644903182983,
    0.6127114295959473,
    -0.0020032115280628204,
    0.6531803607940674
  ]
}