{
  "baseline_k3": {
    "secs": [
      0.3037255108356476,
      0.44399917125701904,
      0.40630197525024414,
      0.5615557432174683,
      0.39951014518737793,
      0.3798980116844177,
      0.5688724517822266,
      0.22549809515476227,
      0.5380934476852417,
      0.4797579348087311,
      0.5140494108200073,
      0.37548303604125977,
      0.4858204126358032,
      0.533743143081665,
      0.2482151985168457,
      0.18358661234378815,
      0.4458267390727997,
      0.42271921038627625,
      0.5644670724868774,
      0.4516869783401489
    ],
    "mcd": [
      13.091857206477844,
      10.162836148178489,
      12.662354779465575,
      12.26399435590433,
      13.68896632624589,
      11.297429689971889,
      11.967704475077138,
      10.628409010890653,
      13.726569064415948,
      10.242464325847799,
      13.821807351298409,
      9.899214351626723,
      10.352454134828458,
      11.735352670117754,
      11.620084239112563,
      12.004955245858458,
      13.299506411348341,
      13.931631842263144,
      11.597775195028404,
      12.18336360446104
    ],
    "jumps": [
      1308.9365853658537,
      1887.4664536741213,
      1310.9976580796254,
      1484.185011709602,
      1096.957839262187,
      1416.1876876876877,
      1486.150110375276,
      1658.3301886792453,
      1625.5665137614678,
      1220.9964476021314,
      1049.2682291666667,
      1093.6742671009772,
      1361.9542124542124,
      1646.28978978979,
      1521.2618510158013,
      1200.4613583138173,
      1078.583514099783,
      1567.9163179916318,
      1129.1639344262296,
      1130.4218241042345
    ]
  },
  "viterbi_l0.1": {
    "secs": [
      0.2779819369316101,
      0.35371702909469604,
      0.4308245778083801,
      0.5042920112609863,
      0.367687463760376,
      0.4007372260093689,
      0.487908273935318,
      0.1433355063199997,
      0.4121493101119995,
      0.48724550008773804,
      0.5752429962158203,
      0.3593602776527405,
      0.570341169834137,
      0.5198634266853333,
      0.17192049324512482,
      0.29104286432266235,
      0.3114388585090637,
      0.35316556692123413,
      0.5760706663131714,
      0.4569301903247833
    ],
    "mcd": [
      13.674564105116819,
      10.622608659428773,
      13.067436358061258,
      13.008554702583677,
      13.904967646146622,
      11.872978140760114,
      12.816096979047298,
      10.714434818014855,
      14.230649470353057,
      10.81100364828353,
      13.88601651316007,
      10.986599823002354,
      10.932439507850473,
      12.366034679216115,
      12.480309424512699,
      12.679116781950958,
      13.56310865415629,
      13.805844385889984,
      11.644427761360411,
      12.544057295781545
    ],
    "jumps": [
      124.4829268292683,
      74.74121405750799,
      63.55503512880562,
      70.10538641686183,
      52.453227931488804,
      77.41591591591592,
      64.3112582781457,
      63.80323450134771,
      105.56651376146789,
      79.8721136767318,
      74.98697916666667,
      48.62866449511401,
      74.60805860805861,
      67.15315315315316,
      73.73589164785552,
      104.84777517564403,
      55.18004338394794,
      62.86192468619247,
      78.43559718969556,
      77.65309446254072
    ]
  },
  "viterbi_l0.3": {
    "secs": [
      0.25613513588905334,
      0.3731449246406555,
      0.3441314399242401,
      0.506064236164093,
      0.3655528426170349,
      0.40771302580833435,
      0.458984375,
      0.14240768551826477,
      0.41943350434303284,
      0.47248268127441406,
      0.573542594909668,
      0.4071957468986511,
      0.5506974458694458,
      0.5165873765945435,
      0.17074522376060486,
      0.2680516839027405,
      0.31647706031799316,
      0.37426385283470154,
      0.570937991142273,
      0.4625597596168518
    ],
    "mcd": [
      13.689319182441166,
      10.583646936063309,
      13.266457917874986,
      13.050718795902734,
      13.902646083471408,
      11.854950477765733,
      12.747389567300779,
      10.693276778396394,
      14.195730039118859,
      10.875272360183185,
      13.914016585502031,
      10.979795120153417,
      10.954417915902786,
      12.355399220191773,
      12.462347533202072,
      12.757925479992954,
      13.580794126633842,
      13.870038438040513,
      11.762401719464894,
      12.55816798836641
    ],
    "jumps": [
      124.34634146341463,
      74.43024494142705,
      63.278688524590166,
      70.00468384074941,
      52.20289855072464,
      77.18468468468468,
      64.06401766004414,
      63.64420485175202,
      105.2408256880734,
      79.65896980461812,
      74.9453125,
      48.35993485342019,
      74.43956043956044,
      66.95045045045045,
      73.57562076749436,
      104.62060889929742,
      55.084598698481564,
      62.57949790794979,
      78.2552693208431,
      77.4185667752443
    ]
  },
  "viterbi_l0.5": {
    "secs": [
      0.25703561305999756,
      0.3760756254196167,
      0.36264780163764954,
      0.5050870180130005,
      0.3653550148010254,
      0.4059639573097229,
      0.4578090012073517,
      0.13640068471431732,
      0.4220223128795624,
      0.4490916132926941,
      0.5727328062057495,
      0.4152025580406189,
      0.5339096784591675,
      0.5133644938468933,
      0.17265328764915466,
      0.2668614387512207,
      0.3162136673927307,
      0.337611585855484,
      0.5624191761016846,
      0.3480266332626343
    ],
    "mcd": [
      13.775456979189057,
      10.5729359284833,
      13.216501657644143,
      13.031537462023044,
      13.924221862162362,
      11.822165959833931,
      12.761254949281371,
      10.723623299996609,
      14.167577980859035,
      10.987037115818666,
      13.917888226778151,
      10.966093278575674,
      10.999696387328253,
      12.345665899802704,
      12.46124896832207,
      12.747717536913012,
      13.601752184781429,
      13.847289434720432,
      11.748260807457763,
      12.637212220140768
    ],
    "jumps": [
      124.21463414634147,
      74.35143769968052,
      63.2271662763466,
      69.95784543325527,
      52.12779973649539,
      77.02252252252252,
      63.99558498896247,
      63.56603773584906,
      105.19495412844037,
      79.60923623445827,
      74.91666666666667,
      48.28175895765472,
      74.38095238095238,
      66.88888888888889,
      73.52144469525959,
      104.59016393442623,
      54.950108459869845,
      62.4581589958159,
      78.16627634660422,
      77.34364820846906
    ]
  },
  "viterbi_l1.0": {
    "secs": [
      0.268688440322876,
      0.3718089461326599,
      0.3510916531085968,
      0.5043044090270996,
      0.3698541522026062,
      0.4162432551383972,
      0.4702081084251404,
      0.13272124528884888,
      0.4225095808506012,
      0.44142428040504456,
      0.5835540890693665,
      0.4172928035259247,
      0.5168256163597107,
      0.5082206130027771,
      0.1767081767320633,
      0.26573073863983154,
      0.3499469459056854,
      0.33910444378852844,
      0.5699619054794312,
      0.3352225124835968
    ],
    "mcd": [
      13.737158305500357,
      10.486649701043694,
      13.31614931375774,
      13.048146589784027,
      13.926354997851684,
      11.797093616225563,
      12.811644058295839,
      10.644066226850276,
      14.114215813977573,
      11.00945903833305,
      13.932595308549487,
      10.93307589333112,
      11.035429965350543,
      12.329406961817385,
      12.505489313712069,
      12.752929498447255,
      13.639758441119385,
      13.900613382920794,
      11.727340967991276,
      12.692102245459706
    ],