{
  "baseline": {
    "mean": 0.4266402095556259,
    "std": 0.11158541163822719
  },
  "median3": {
    "mean": 0.4171485938131809,
    "std": 0.1125286828483524
  },
  "median5": {
    "mean": 0.4074738919734955,
    "std": 0.10851469930220312
  },
  "reg_hard": {
    "mean": 0.36468612402677536,
    "std": 0.10221272460902077
  },
  "reg_adj": {
    "mean": 0.40012107640504835,
    "std": 0.10905540215173931
  },
  "reg_hard_med3": {
    "mean": 0.3590997204184532,
    "std": 0.1083085140700102
  },
  "reg_adj_med3": {
    "mean": 0.3939072847366333,
    "std": 0.11106105721004783
  }
}