{
  "dtw_oracle": {
    "secs": {
      "mean": 0.6855064648389816,
      "std": 0.09259607859376051,
      "ci_lo": 0.6738006149679422,
      "ci_hi": 0.6982066459804773
    },
    "cer": {
      "mean": 0.08166666666666668,
      "std": 0.16526353813541886,
      "ci_lo": 0.06027777777777778,
      "ci_hi": 0.10333333333333333
    },
    "f0": {
      "mean": 0.631388664176646,
      "std": 0.35628355713280374,
      "ci_lo": 0.5814654118713887,
      "ci_hi": 0.6759672387064173
    },
    "leak": {
      "mean": 0.17769909966737032,
      "std": 0.1211161212919545,
      "ci_lo": 0.15943795643234626,
      "ci_hi": 0.1950672336439602
    }
  },
  "w2v2_nn": {
    "secs": {
      "mean": 0.18865236358251422,
      "std": 0.11812732801147018,
      "ci_lo": 0.17227812529238873,
      "ci_hi": 0.2071574123922037
    },
    "cer": {
      "mean": 0.5052777777777777,
      "std": 0.21239358264932887,
      "ci_lo": 0.4776180555555556,
      "ci_hi": 0.5347222222222223
    },
    "f0": {
      "mean": 0.1965264682650055,
      "std": 0.4518831568574434,
      "ci_lo": 0.13684943249694007,
      "ci_hi": 0.25770287310847617
    },
    "leak": {
      "mean": 0.17236459949053823,
      "std": 0.10131169147888451,
      "ci_lo": 0.15936867145774886,
      "ci_hi": 0.18575153710343875
    }
  },
  "pca_nn": {
    "secs": {
      "mean": 0.19966328909853473,
      "std": 0.12009350147028898,
      "ci_lo": 0.1786961227064603,
      "ci_hi": 0.2168466693337541
    },
    "cer": {
      "mean": 0.5852777777777778,
      "std": 0.19680138982496295,
      "ci_lo": 0.56,
      "ci_hi": 0.6137569444444444
    },
    "f0": {
      "mean": 0.23962845326330387,
      "std": 0.4489753435422845,
      "ci_lo": 0.1768532643733475,
      "ci_hi": 0.2964179221687625
    },
    "leak": {
      "mean": 0.17158981727901845,
      "std": 0.10075785824818165,
      "ci_lo": 0.1576564084700076,
      "ci_hi": 0.1867078975875629
    }
  },
  "w2v2_topk": {
    "secs": {
      "mean": 0.2011194982053712,
      "std": 0.11661295030917791,
      "ci_lo": 0.18516372345935087,
      "ci_hi": 0.2168726678249659
    },
    "cer": {
      "mean": 0.4405555555555556,
      "std": 0.19575037644036147,
      "ci_lo": 0.4119305555555556,
      "ci_hi": 0.4698819444444444
    },
    "f0": {
      "mean": 0.27516138602868057,
      "std": 0.4792089422675802,
      "ci_lo": 0.21198037000649494,
      "ci_hi": 0.34921618826307455
    },
    "leak": {
      "mean": 0.18568544823676347,
      "std": 0.08952170092362192,
      "ci_lo": 0.17382195070711895,
      "ci_hi": 0.19816331469244322
    }
  },
  "pca_topk": {
    "secs": {
      "mean": 0.21727154690306633,
      "std": 0.1210574454054978,
      "ci_lo": 0.20136900376540143,
      "ci_hi": 0.23324091669230254
    },
    "cer": {
      "mean": 0.5738888888888889,
      "std": 0.21964547753702815,
      "ci_lo": 0.5447083333333333,
      "ci_hi": 0.6038888888888889
    },
    "f0": {
      "mean": 0.2682227042683864,
      "std": 0.4806277487050762,
      "ci_lo": 0.19649008355227632,
      "ci_hi": 0.3339407487105835
    },
    "leak": {
      "mean": 0.17183262801729143,
      "std": 0.10121710114125501,
      "ci_lo": 0.1577333257291466,
      "ci_hi": 0.18464431449607946
    }
  },
  "random": {
    "secs": {
      "mean": 0.05642873382661492,
      "std": 0.07263065940362888,
      "ci_lo": 0.04713436430343427,
      "ci_hi": 0.06640943838760723
    },
    "cer": {
      "mean": 0.9069444444444446,
      "std": 0.1517325355541092,
      "ci_lo": 0.8862430555555556,
      "ci_hi": 0.9297638888888891
    },
    "f0": {
      "mean": -0.00841060161286201,
      "std": 0.28411844437054484,
      "ci_lo": -0.05134733711664361,
      "ci_hi": 0.030632381491381713
    },
    "leak": {
      "mean": 0.029627886074595152,
      "std": 0.057514491899037914,
      "ci_lo": 0.021197678893920966,
      "ci_hi": 0.03729876514163334
    }
  }
}