{
  "dac_dtw": {
    "secs": {
      "mean": 0.6855064648389816,
      "std": 0.09259607859376051,
      "ci_lo": 0.6720745947472752,
      "ci_hi": 0.6983796920925378
    },
    "cer": {
      "mean": 0.08166666666666668,
      "std": 0.16526353813541886,
      "ci_lo": 0.0559375,
      "ci_hi": 0.10320138888888887
    },
    "f0": {
      "mean": 0.631388664176646,
      "std": 0.35628355713280374,
      "ci_lo": 0.5841678137656983,
      "ci_hi": 0.6783169966629365
    },
    "leak": {
      "mean": 0.17769909966737032,
      "std": 0.1211161212919545,
      "ci_lo": 0.16132259566895663,
      "ci_hi": 0.19465633824607356
    }
  },
  "w2v2_l6_dtw": {
    "secs": {
      "mean": 0.6563912768661976,
      "std": 0.09809911683482242,
      "ci_lo": 0.6430360356271267,
      "ci_hi": 0.6690578660666943
    },
    "cer": {
      "mean": 0.05694444444444444,
      "std": 0.13151978445733442,
      "ci_lo": 0.03888888888888889,
      "ci_hi": 0.07472222222222222
    },
    "f0": {
      "mean": 0.7262680062073552,
      "std": 0.2744147476687694,
      "ci_lo": 0.6850862587696748,
      "ci_hi": 0.762260052274244
    },
    "leak": {
      "mean": 0.19038810695521532,
      "std": 0.11375581948129142,
      "ci_lo": 0.17421357023203746,
      "ci_hi": 0.20541121838474644
    }
  },
  "w2v2_l9_dtw": {
    "secs": {
      "mean": 0.6414072185754776,
      "std": 0.1128861270074325,
      "ci_lo": 0.6266699194945395,
      "ci_hi": 0.6573622113093733
    },
    "cer": {
      "mean": 0.04388888888888889,
      "std": 0.11311935136978547,
      "ci_lo": 0.029722222222222223,
      "ci_hi": 0.05861111111111111
    },
    "f0": {
      "mean": 0.7226752865958858,
      "std": 0.3175844993260355,
      "ci_lo": 0.674904063044723,
      "ci_hi": 0.7666213788287497
    },
    "leak": {
      "mean": 0.19075757646001876,
      "std": 0.11067573635022279,
      "ci_lo": 0.17499043353670277,
      "ci_hi": 0.20741041298466734
    }
  },
  "w2v2_l12_dtw": {
    "secs": {
      "mean": 0.6352634781599045,
      "std": 0.1077804098780766,
      "ci_lo": 0.6203122885935008,
      "ci_hi": 0.6491718843877315
    },
    "cer": {
      "mean": 0.07333333333333333,
      "std": 0.14622407969100534,
      "ci_lo": 0.05402083333333334,
      "ci_hi": 0.09403472222222221
    },
    "f0": {
      "mean": 0.7062415779264083,
      "std": 0.3089016334917727,
      "ci_lo": 0.6581025190433306,
      "ci_hi": 0.7461083757723581
    },
    "leak": {
      "mean": 0.18010889004915953,
      "std": 0.11037962423368787,
      "ci_lo": 0.1642167128098663,
      "ci_hi": 0.19653017543070017
    }
  },
  "w2v2_l9_nn": {
    "secs": {
      "mean": 0.5760930644348263,
      "std": 0.11543697781122536,
      "ci_lo": 0.5604219858683646,
      "ci_hi": 0.5909900746680796
    },
    "cer": {
      "mean": 0.05333333333333333,
      "std": 0.11328975196916341,
      "ci_lo": 0.03874305555555555,
      "ci_hi": 0.06888888888888889
    },
    "f0": {
      "mean": 0.6656933384225546,
      "std": 0.37102113146479343,
      "ci_lo": 0.6181332990699215,
      "ci_hi": 0.7185521728054747
    },
    "leak": {
      "mean": 0.18603893530555068,
      "std": 0.10785847431966762,
      "ci_lo": 0.17160191452968865,
      "ci_hi": 0.20214801103761418
    }
  },
  "random": {
    "secs": {
      "mean": 0.05634301683399826,
      "std": 0.06810003053742489,
      "ci_lo": 0.047830657646642065,
      "ci_hi": 0.0653494619448902
    },
    "cer": {
      "mean": 0.9913888888888891,
      "std": 1.141164359625296,
      "ci_lo": 0.895277777777778,
      "ci_hi": 1.1668541666666667
    },
    "f0": {
      "mean": 0.006372689304650696,
      "std": 0.23153233808449689,
      "ci_lo": -0.02386694506496803,
      "ci_hi": 0.03999381303353928
    },
    "leak": {
      "mean": 0.028603339730761946,
      "std": 0.05335745817404537,
      "ci_lo": 0.02206945919408463,
      "ci_hi": 0.03662540500541217
    }
  }
}