{
  "same_text": {
    "secs": {
      "mean": 0.6563912768661976,
      "std": 0.09809911683482242,
      "ci_lo": 0.6437394248209893,
      "ci_hi": 0.6706378434486687
    },
    "cer": {
      "mean": 0.05694444444444444,
      "std": 0.13151978445733442,
      "ci_lo": 0.03985416666666667,
      "ci_hi": 0.0763888888888889
    },
    "f0": {
      "mean": 0.7262680062073552,
      "std": 0.2744147476687694,
      "ci_lo": 0.6844838804170579,
      "ci_hi": 0.7590739984684445
    },
    "leak": {
      "mean": 0.19038810695521532,
      "std": 0.11375581948129142,
      "ci_lo": 0.17546625675354152,
      "ci_hi": 0.2067086458709091
    }
  },
  "cross_c05_e30": {
    "secs": {
      "mean": 0.3242271928116679,
      "std": 0.1187476929195821,
      "ci_lo": 0.3080106254387647,
      "ci_hi": 0.3407333440603688
    },
    "cer": {
      "mean": 0.6375,
      "std": 0.14379528272281164,
      "ci_lo": 0.6183194444444445,
      "ci_hi": 0.6562569444444445
    },
    "f0": {
      "mean": 0.22581852209188952,
      "std": 0.4619772193407436,
      "ci_lo": 0.16478896567556242,
      "ci_hi": 0.2902536889283032
    },
    "leak": {
      "mean": 0.16860700082965197,
      "std": 0.112889078280488,
      "ci_lo": 0.1547101527824998,
      "ci_hi": 0.18336006078170614
    }
  },
  "cross_c10_e30": {
    "secs": {
      "mean": 0.32605570413172247,
      "std": 0.12623491349179064,
      "ci_lo": 0.3087576193911955,
      "ci_hi": 0.34209100268874315
    },
    "cer": {
      "mean": 0.7422222222222223,
      "std": 0.1521492120125812,
      "ci_lo": 0.7223541666666667,
      "ci_hi": 0.7629236111111111
    },
    "f0": {
      "mean": 0.31564797013571766,
      "std": 0.4195696305018543,
      "ci_lo": 0.26399344852120515,
      "ci_hi": 0.37033690092324756
    },
    "leak": {
      "mean": 0.1758908083382994,
      "std": 0.10957519067514612,
      "ci_lo": 0.16085074194381013,
      "ci_hi": 0.1911244622238446
    }
  },
  "cross_c15_e30": {
    "secs": {
      "mean": 0.2875397298019379,
      "std": 0.12649750988573571,
      "ci_lo": 0.27066618745354937,
      "ci_hi": 0.30471043146587906
    },
    "cer": {
      "mean": 0.7772222222222223,
      "std": 0.12385151404348756,
      "ci_lo": 0.7602777777777777,
      "ci_hi": 0.7919583333333333
    },
    "f0": {
      "mean": 0.29256639884834845,
      "std": 0.5076055142193424,
      "ci_lo": 0.21946807287010978,
      "ci_hi": 0.3572244199475427
    },
    "leak": {
      "mean": 0.1728236900642514,
      "std": 0.09781098823809928,
      "ci_lo": 0.1593468104286585,
      "ci_hi": 0.1870396359700244
    }
  },
  "cross_c10_e10": {
    "secs": {
      "mean": 0.32461270277388393,
      "std": 0.12777770958805965,
      "ci_lo": 0.3083728837496601,
      "ci_hi": 0.3432848436648492
    },
    "cer": {
      "mean": 0.7441666666666668,
      "std": 0.13798567424300356,
      "ci_lo": 0.7245763888888889,
      "ci_hi": 0.7637569444444444
    },
    "f0": {
      "mean": 0.30093180973851547,
      "std": 0.4374810463098235,
      "ci_lo": 0.23457009647564198,
      "ci_hi": 0.36203731933827
    },
    "leak": {
      "mean": 0.17549113819841294,
      "std": 0.1111932535522895,
      "ci_lo": 0.16113165446650238,
      "ci_hi": 0.19065696651395408
    }
  },
  "cross_c10_e60": {
    "secs": {
      "mean": 0.33022290776483715,
      "std": 0.12268265902223892,
      "ci_lo": 0.3150950018088333,
      "ci_hi": 0.34758160954085177
    },
    "cer": {
      "mean": 0.7344444444444446,
      "std": 0.14328164442673608,
      "ci_lo": 0.7148541666666667,
      "ci_hi": 0.7547361111111112
    },
    "f0": {
      "mean": 0.42878027702392246,
      "std": 0.42508284322474627,
      "ci_lo": 0.3730587136040883,
      "ci_hi": 0.49141172344674466
    },
    "leak": {
      "mean": 0.17437880453653634,
      "std": 0.10851348392849175,
      "ci_lo": 0.158779211047804,
      "ci_hi": 0.18921108862431718
    }
  },
  "cross_full_e30": {
    "secs": {
      "mean": 0.16680228428915142,
      "std": 0.17761779090097107,
      "ci_lo": 0.1417496590761002,
      "ci_hi": 0.19277501377300357
    },
    "cer": {
      "mean": 0.8930555555555556,
      "std": 0.25705703239015765,
      "ci_lo": 0.858423611111111,
      "ci_hi": 0.9308472222222222
    },
    "f0": {
      "mean": 0.1037864806614834,
      "std": 0.4472652007446189,
      "ci_lo": 0.038973131545929615,
      "ci_hi": 0.1629493802364755
    },
    "leak": {
      "mean": 0.08097095094155521,
      "std": 0.10483893006503174,
      "ci_lo": 0.0676121028639609,
      "ci_hi": 0.09565278015634976
    }
  },
  "cross_c10_e30_sm": {
    "secs": {
      "mean": 0.14685057590249925,
      "std": 0.11237008365081563,
      "ci_lo": 0.13228066648193637,
      "ci_hi": 0.16170760793134104
    },
    "cer": {
      "mean": 0.745,
      "std": 0.16122505549237226,
      "ci_lo": 0.7208333333333334,
      "ci_hi": 0.7664027777777779
    },
    "f0": {
      "mean": 0.08445495876399751,
      "std": 0.49736242924610985,
      "ci_lo": 0.016179124089483837,
      "ci_hi": 0.14607461643150954
    },
    "leak": {
      "mean": 0.10670762449037284,
      "std": 0.08787033573758864,
      "ci_lo": 0.09418625136010815,
      "ci_hi": 0.11949274417117703
    }
  },
  "random": {
    "secs": {
      "mean": 0.06723932075779886,
      "std": 0.08415520797499575,
      "ci_lo": 0.05539710699068382,
      "ci_hi": 0.07869135913101488
    },
    "cer": {
      "mean": 1.0288888888888892,
      "std": 1.1305106461186707,
      "ci_lo": 0.9323541666666667,
      "ci_hi": 1.2000000000000002
    },
    "f0": {
      "mean": -0.0006653054057623742,
      "std": 0.28341528992925286,
      "ci_lo": -0.04163223572611256,
      "ci_hi": 0.042834874296725806
    },
    "leak": {
      "mean": 0.015499298605136573,
      "std": 0.06245060357218394,
      "ci_lo": 0.006783878169953824,
      "ci_hi": 0.023370926487725225
    }
  }
}