{
  "source_all": {
    "secs": {
      "mean": 0.14530432207975535,
      "std": 0.11187162153712248,
      "ci_lo": 0.1288610307313502,
      "ci_hi": 0.1609826021355111
    },
    "cer": {
      "mean": 0.052777777777777785,
      "std": 0.055486067653994935,
      "ci_lo": 0.045,
      "ci_hi": 0.06111111111111112
    },
    "f0": {
      "mean": 0.9965916847354046,
      "std": 0.005450737168752325,
      "ci_lo": 0.9957355855207737,
      "ci_hi": 0.99729078314345
    },
    "leak": {
      "mean": 0.9210173952579498,
      "std": 0.02524476688578612,
      "ci_lo": 0.917708910882473,
      "ci_hi": 0.924541575551033
    }
  },
  "tgt_all_q": {
    "secs": {
      "mean": 0.7904141017049551,
      "std": 0.0928128972860835,
      "ci_lo": 0.7761422432791442,
      "ci_hi": 0.8030122609455138
    },
    "cer": {
      "mean": 0.05305555555555555,
      "std": 0.13138595251593116,
      "ci_lo": 0.03694444444444444,
      "ci_hi": 0.07306944444444444
    },
    "f0": {
      "mean": 0.6379562734175992,
      "std": 0.328139198003842,
      "ci_lo": 0.592776154097967,
      "ci_hi": 0.6851418312230938
    },
    "leak": {
      "mean": 0.1657808393985033,
      "std": 0.11599132149914072,
      "ci_lo": 0.14913011580868624,
      "ci_hi": 0.18322161839809267
    }
  },
  "tgt_K1": {
    "secs": {
      "mean": 0.15064376329537482,
      "std": 0.10667115913333047,
      "ci_lo": 0.13533713450154755,
      "ci_hi": 0.16580225976696236
    },
    "cer": {
      "mean": 0.021111111111111112,
      "std": 0.06609943874549266,
      "ci_lo": 0.013333333333333332,
      "ci_hi": 0.031256944444444434
    },
    "f0": {
      "mean": 0.9920150010738504,
      "std": 0.010368481484373346,
      "ci_lo": 0.9904114803198999,
      "ci_hi": 0.9933050148433701
    },
    "leak": {
      "mean": 0.8306338277459144,
      "std": 0.058158274697328545,
      "ci_lo": 0.8226461827158927,
      "ci_hi": 0.8384275920987129
    }
  },
  "tgt_K2": {
    "secs": {
      "mean": 0.17869973286986351,
      "std": 0.107496986742485,
      "ci_lo": 0.16432473573950118,
      "ci_hi": 0.1940150919256266
    },
    "cer": {
      "mean": 0.27083333333333337,
      "std": 0.2835477130141513,
      "ci_lo": 0.23248611111111112,
      "ci_hi": 0.3066666666666667
    },
    "f0": {
      "mean": 0.8837160133831781,
      "std": 0.2595697509954373,
      "ci_lo": 0.8467996056395362,
      "ci_hi": 0.9158391229095083
    },
    "leak": {
      "mean": 0.5959430089592934,
      "std": 0.14732016179576649,
      "ci_lo": 0.5756617608796805,
      "ci_hi": 0.6166071838904172
    }
  },
  "tgt_K3": {
    "secs": {
      "mean": 0.2648884376883507,
      "std": 0.12596563947096473,
      "ci_lo": 0.2489800261906348,
      "ci_hi": 0.2819087520930916
    },
    "cer": {
      "mean": 0.2286111111111111,
      "std": 0.2514266392772882,
      "ci_lo": 0.19137500000000002,
      "ci_hi": 0.2646874999999999
    },
    "f0": {
      "mean": 0.6401893650723798,
      "std": 0.47332136186449386,
      "ci_lo": 0.5716661910101577,
      "ci_hi": 0.7129886136385856
    },
    "leak": {
      "mean": 0.3449940565600991,
      "std": 0.14605554645764163,
      "ci_lo": 0.3243247810909525,
      "ci_hi": 0.3649181061745621
    }
  },
  "tgt_K4": {
    "secs": {
      "mean": 0.39556672221049666,
      "std": 0.13381714667314012,
      "ci_lo": 0.37592701545963064,
      "ci_hi": 0.41488387810532
    },
    "cer": {
      "mean": 0.13055555555555556,
      "std": 0.2154345307443471,
      "ci_lo": 0.10346527777777777,
      "ci_hi": 0.16055555555555556
    },
    "f0": {
      "mean": 0.47625734155245225,
      "std": 0.4757586143112884,
      "ci_lo": 0.41259495980016714,
      "ci_hi": 0.5441697201732028
    },
    "leak": {
      "mean": 0.23413034739904107,
      "std": 0.12158443374371627,
      "ci_lo": 0.2178786267673131,
      "ci_hi": 0.2527131566191092
    }
  },
  "tgt_K5": {
    "secs": {
      "mean": 0.5405072735995055,
      "std": 0.12625454080342427,
      "ci_lo": 0.5236368420310318,
      "ci_hi": 0.5574051230316981
    },
    "cer": {
      "mean": 0.08611111111111111,
      "std": 0.1772344126772141,
      "ci_lo": 0.06342361111111111,
      "ci_hi": 0.10972222222222222
    },
    "f0": {
      "mean": 0.5495692463814271,
      "std": 0.44008503669790044,
      "ci_lo": 0.4860219676503625,
      "ci_hi": 0.6089021727768447
    },
    "leak": {
      "mean": 0.20206151667051017,
      "std": 0.11798382996360308,
      "ci_lo": 0.18752885655825957,
      "ci_hi": 0.218745653538499
    }
  },
  "src_K1": {
    "secs": {
      "mean": 0.6855065150558949,
      "std": 0.09259617028077172,
      "ci_lo": 0.6727878873646259,
      "ci_hi": 0.6986390938088298
    },
    "cer": {
      "mean": 0.08166666666666668,
      "std": 0.16526353813541886,
      "ci_lo": 0.06081944444444445,
      "ci_hi": 0.1058472222222222
    },
    "f0": {
      "mean": 0.6313886629074457,
      "std": 0.35628356056434973,
      "ci_lo": 0.5888411204784882,
      "ci_hi": 0.6765113327165414
    },
    "leak": {
      "mean": 0.17769910462200642,
      "std": 0.12111612885206177,
      "ci_lo": 0.16239302420988677,
      "ci_hi": 0.19515403795661404
    }
  },
  "src_K2": {
    "secs": {
      "mean": 0.4159661900997162,
      "std": 0.13735481388676057,
      "ci_lo": 0.3973297890070826,
      "ci_hi": 0.4357935577249154
    },
    "cer": {
      "mean": 0.2530555555555556,
      "std": 0.2665912798533125,
      "ci_lo": 0.21624305555555554,
      "ci_hi": 0.2907013888888889
    },
    "f0": {
      "mean": 0.5447622829329083,
      "std": 0.5169400207771749,
      "ci_lo": 0.48027871369556696,
      "ci_hi": 0.6132257734999109
    },
    "leak": {
      "mean": 0.2379624173976481,
      "std": 0.11206154237827316,
      "ci_lo": 0.22285411281744016,
      "ci_hi": 0.2518707530302927
    }
  },
  "src_K3": {
    "secs": {
      "mean": 0.22116182735655457,
      "std": 0.13064478626968773,
      "ci_lo": 0.20382463039725554,
      "ci_hi": 0.23894354812265373
    },
    "cer": {
      "mean": 0.17972222222222223,
      "std": 0.19953475980482793,
      "ci_lo": 0.15040972222222224,
      "ci_hi": 0.2092083333333333
    },
    "f0": {
      "mean": 0.7765460084623642,
      "std": 0.3631786441841983,
      "ci_lo": 0.7244786001664985,
      "ci_hi": 0.8201458123928155
    },
    "leak": {
      "mean": 0.41208604447543623,
      "std": 0.09532376278440438,
      "ci_lo": 0.39865725575946276,
      "ci_hi": 0.423221644371748
    }
  },
  "src_K4": {
    "secs": {
      "mean": 0.1796357161924243,
      "std": 0.12495148927143628,
      "ci_lo": 0.1611740206327522,
      "ci_hi": 0.1968759111481486
    },
    "cer": {
      "mean": 0.13,
      "std": 0.1544044712459479,
      "ci_lo": 0.11081944444444444,
      "ci_hi": 0.1522222222222222
    },
    "f0": {
      "mean": 0.8654712172363901,
      "std": 0.2706016836741805,
      "ci_lo": 0.8312524120583725,
      "ci_hi": 0.9008357698480485
    },
    "leak": {
      "mean": 0.6083505943417549,
      "std": 0.09698902428527033,
      "ci_lo": 0.5957088068760932,
      "ci_hi": 0.6218833594694734
    }
  },
  "src_K5": {
    "secs": {
      "mean": 0.1590818581264466,
      "std": 0.11288180536423183,
      "ci_lo": 0.14404547292296774,
      "ci_hi": 0.17654276107589248
    },
    "cer": {
      "mean": 0.08472222222222223,
      "std": 0.1211999546713846,
      "ci_lo": 0.0670763888888889,
      "ci_hi": 0.10194444444444445
    },
    "f0": {
      "mean": 0.9705534691434516,
      "std": 0.08671330837025679,
      "ci_lo": 0.9562712519965886,
      "ci_hi": 0.9803768162799208
    },
    "leak": {
      "mean": 0.7397259923815728,
      "std": 0.07067543337021565,
      "ci_lo": 0.7300608592033386,
      "ci_hi": 0.7497389237731695
    }
  },
  "hyb_t0_sRest": {
    "secs": {
      "mean": 0.13752474312204868,
      "std": 0.10035564873719599,
      "ci_lo": 0.12282185971434229,
      "ci_hi": 0.15120859770779496
    },