{
  "same_text": {
    "secs": {
      "mean": 0.6563912768661976,
      "std": 0.09809911683482242,
      "ci_lo": 0.643701736997813,
      "ci_hi": 0.6688262020871043
    },
    "cer": {
      "mean": 0.05694444444444444,
      "std": 0.13151978445733442,
      "ci_lo": 0.04027777777777777,
      "ci_hi": 0.07527777777777778
    },
    "f0": {
      "mean": 0.7262680062073552,
      "std": 0.2744147476687694,
      "ci_lo": 0.6901077618212526,
      "ci_hi": 0.7656111930248
    },
    "leak": {
      "mean": 0.19038810695521532,
      "std": 0.11375581948129142,
      "ci_lo": 0.1754527448010631,
      "ci_hi": 0.20747292328602635
    }
  },
  "cross_nn_top1": {
    "secs": {
      "mean": 0.2825614594947547,
      "std": 0.10806072407935785,
      "ci_lo": 0.26720548934908583,
      "ci_hi": 0.29844535402255135
    },
    "cer": {
      "mean": 0.4383333333333334,
      "std": 0.18813493319003718,
      "ci_lo": 0.4156875,
      "ci_hi": 0.46555555555555556
    },
    "f0": {
      "mean": 0.16674816787502053,
      "std": 0.47952606691558025,
      "ci_lo": 0.10315343644383708,
      "ci_hi": 0.22932626541656373
    },
    "leak": {
      "mean": 0.16378729446791113,
      "std": 0.10874358100065093,
      "ci_lo": 0.14803558647236786,
      "ci_hi": 0.1786353211477399
    }
  },
  "cross_nn_topk3": {
    "secs": {
      "mean": 0.25010428863111883,
      "std": 0.1152630976503063,
      "ci_lo": 0.23397804906603414,
      "ci_hi": 0.26477439506410155
    },
    "cer": {
      "mean": 0.43166666666666664,
      "std": 0.17999571325485353,
      "ci_lo": 0.40818750000000004,
      "ci_hi": 0.4558472222222222
    },
    "f0": {
      "mean": 0.07638565872679798,
      "std": 0.4668090457783316,
      "ci_lo": 0.010619832044174913,
      "ci_hi": 0.13691353029311878
    },
    "leak": {
      "mean": 0.14167011507786811,
      "std": 0.0906664929443983,
      "ci_lo": 0.12895215462124907,
      "ci_hi": 0.15472990745306014
    }
  },
  "cross_nn_cont": {
    "secs": {
      "mean": 0.28294803832657633,
      "std": 0.1112771728612299,
      "ci_lo": 0.26798008123901673,
      "ci_hi": 0.29959406403056343
    },
    "cer": {
      "mean": 0.45444444444444443,
      "std": 0.19639969324358134,
      "ci_lo": 0.4283333333333333,
      "ci_hi": 0.4808333333333333
    },
    "f0": {
      "mean": 0.17805927155121792,
      "std": 0.4647782554899544,
      "ci_lo": 0.11736823724944104,
      "ci_hi": 0.24083922515285183
    },
    "leak": {
      "mean": 0.16452397778164596,
      "std": 0.10649368227258717,
      "ci_lo": 0.15023091479367576,
      "ci_hi": 0.17868269430368672
    }
  },
  "cross_ctc_nn": {
    "secs": {
      "mean": 0.2274751086719334,
      "std": 0.10622105141841194,
      "ci_lo": 0.21219649382075295,
      "ci_hi": 0.24175198655365968
    },
    "cer": {
      "mean": 0.47138888888888886,
      "std": 0.17655635095268704,
      "ci_lo": 0.4480416666666666,
      "ci_hi": 0.49944444444444447
    },
    "f0": {
      "mean": 0.06547841140911123,
      "std": 0.4329671728666442,
      "ci_lo": 0.006719943077865779,
      "ci_hi": 0.12710050397287737
    },
    "leak": {
      "mean": 0.14430072790011764,
      "std": 0.10611117604857175,
      "ci_lo": 0.12953429771168157,
      "ci_hi": 0.15787563740345648
    }
  },
  "cross_ctc_topk3": {
    "secs": {
      "mean": 0.2200371234305203,
      "std": 0.10836425347211807,
      "ci_lo": 0.205782677578507,
      "ci_hi": 0.23539342296961696
    },
    "cer": {
      "mean": 0.46555555555555556,
      "std": 0.17756584589844307,
      "ci_lo": 0.44011805555555555,
      "ci_hi": 0.48875694444444445
    },
    "f0": {
      "mean": 0.08461632075016907,
      "std": 0.47111980662240044,
      "ci_lo": 0.020669013127725972,
      "ci_hi": 0.14708871893580205
    },
    "leak": {
      "mean": 0.1217514974437654,
      "std": 0.09080048777708574,
      "ci_lo": 0.10880220089340584,
      "ci_hi": 0.13423651563283054
    }
  },
  "cross_cls50_nn": {
    "secs": {
      "mean": 0.24386350814718752,
      "std": 0.1150713088441235,
      "ci_lo": 0.22829899844899773,
      "ci_hi": 0.259702016395051
    },
    "cer": {
      "mean": 0.4877777777777777,
      "std": 0.2128698669302764,
      "ci_lo": 0.4602638888888889,
      "ci_hi": 0.5201597222222222
    },
    "f0": {
      "mean": 0.002670225273092468,
      "std": 0.4934493464862676,
      "ci_lo": -0.06010609170252963,
      "ci_hi": 0.07401689429210828
    },
    "leak": {
      "mean": 0.14905943975783884,
      "std": 0.1081965351885422,
      "ci_lo": 0.13388876056007573,
      "ci_hi": 0.16320595030335244
    }
  },
  "cross_cls100_nn": {
    "secs": {
      "mean": 0.25973526953719556,
      "std": 0.1116431485355484,
      "ci_lo": 0.24426132746832444,
      "ci_hi": 0.2746811003270559
    },
    "cer": {
      "mean": 0.3575,
      "std": 0.21960806136679945,
      "ci_lo": 0.3269444444444444,
      "ci_hi": 0.3891666666666667
    },
    "f0": {
      "mean": 0.10157467286580843,
      "std": 0.5011976266150683,
      "ci_lo": 0.030124497115923295,
      "ci_hi": 0.17237641131544434
    },
    "leak": {
      "mean": 0.14980389539152383,
      "std": 0.11070958560428981,
      "ci_lo": 0.1345516335326247,
      "ci_hi": 0.16533323352225124
    }
  },
  "random": {
    "secs": {
      "mean": 0.06373732806183398,
      "std": 0.07338625923275854,
      "ci_lo": 0.05356568066438194,
      "ci_hi": 0.0742126510309754
    },
    "cer": {
      "mean": 1.0094444444444448,
      "std": 0.8529200026170085,
      "ci_lo": 0.9183333333333334,
      "ci_hi": 1.139048611111111
    },
    "f0": {
      "mean": -0.0054808770276006434,
      "std": 0.24990523043894886,
      "ci_lo": -0.03817366034061645,
      "ci_hi": 0.025544668856123314
    },
    "leak": {
      "mean": 0.022277896176092327,
      "std": 0.06686907331882253,
      "ci_lo": 0.013586705987807363,
      "ci_hi": 0.03157997944450472
    }
  }
}