{
  "baseline": {
    "mean": 0.4266405746340752,
    "std": 0.11158531489261646
  },
  "spk_b0.01": {
    "mean": 0.42079292684793473,
    "std": 0.11208297042591256
  },
  "spk_b0.05": {
    "mean": 0.3924176782369614,
    "std": 0.09772972298486238
  },
  "spk_b0.1": {
    "mean": 0.3739285014569759,
    "std": 0.09990435811826665
  },
  "spk_b0.2": {
    "mean": 0.3480656869709492,
    "std": 0.09217517565486079
  },
  "spk_b0.1_clip1.5": {
    "mean": 0.38541705459356307,
    "std": 0.09397035098426326
  },
  "spk_b0.1_clip3": {
    "mean": 0.36462642401456835,
    "std": 0.10155582477004617
  },
  "spk_b0.1_f0_0.05": {
    "mean": 0.37658867835998533,
    "std": 0.09740970182891019
  },
  "spk_b0.1_e_0.01": {
    "mean": 0.3747313812375069,
    "std": 0.09883526456557433
  },
  "spk_b0.1_jp_0.001": {
    "mean": 0.36479830741882324,
    "std": 0.07924927174200877
  },
  "full_b0.1": {
    "mean": 0.3689848639070988,
    "std": 0.08087157668825763
  },
  "spk_b0.2_k1": {
    "mean": 0.32634904608130455,
    "std": 0.10245523607652454
  },
  "oracle_rr": {
    "mean": 0.48631361722946165,
    "std": 0.08476315115024916
  }
}