{
  "baseline": {
    "mean": 0.42664056867361067,
    "std": 0.1115853073311747
  },
  "reranked": {
    "mean": 0.35854832604527476,
    "std": 0.11826429706022502
  },
  "oracle": {
    "mean": 0.48631361722946165,
    "std": 0.08476315115024916
  }
}