{
  "ctx8_ifr_k3": {
    "mean": 0.4266402095556259,
    "std": 0.11158541163822719
  },
  "ctx8_ifr_k5": {
    "mean": 0.41903454139828683,
    "std": 0.10926912313997736
  },
  "ctx8_ifr_k10": {
    "mean": 0.4097240813076496,
    "std": 0.11081425431866687
  },
  "ctx8_ifr_k20": {
    "mean": 0.39240073040127754,
    "std": 0.11638675952639668
  },
  "ctx8_ifr_k5_t05": {
    "mean": 0.42205198258161547,
    "std": 0.10426177509108302
  },
  "ctx8_ifr_k5_t2": {
    "mean": 0.4181007109582424,
    "std": 0.10665326736317593
  },
  "ctx6_ifr_k5": {
    "mean": 0.41104636564850805,
    "std": 0.09517838149779573
  },
  "ctx10_ifr_k5": {
    "mean": 0.41521060317754743,
    "std": 0.10569310923166163
  },
  "ctx8_sqrtifr_k5": {
    "mean": 0.4249288685619831,
    "std": 0.1102043577975366
  },
  "ctx8_ifr_k5_b20": {
    "mean": 0.4126240074634552,
    "std": 0.10535834104152095
  },
  "ctx8_none_k5": {
    "mean": 0.4022043630480766,
    "std": 0.11901643858140196
  },
  "ctx8_ifr_k10_t2": {
    "mean": 0.4045433945953846,
    "std": 0.10989253974869713
  },
  "ctx8_ifr_k20_t2": {
    "mean": 0.382656954228878,
    "std": 0.11374123590866717
  }
}