{
  "baseline": {
    "mean": 0.33246937170624735,
    "std": 0.11830121106966247
  },
  "ctx1": {
    "mean": 0.3474638044834137,
    "std": 0.12106464804189287
  },
  "ctx2": {
    "mean": 0.35627361088991166,
    "std": 0.12003519696038342
  },
  "ctx4": {
    "mean": 0.38139630258083346,
    "std": 0.11339974653224967
  },
  "ctx2_delta": {
    "mean": 0.36292567998170855,
    "std": 0.11657830022099264
  },
  "ctx2_f0reg": {
    "mean": 0.35975232571363447,
    "std": 0.11747996487827711
  },
  "ctx2_delta_f0reg": {
    "mean": 0.36382205337285994,
    "std": 0.1141290646195062
  },
  "ctx4_delta_f0reg": {
    "mean": 0.38643696159124374,
    "std": 0.11034586130282259
  },
  "ctx2_k3": {
    "mean": 0.3510441891849041,
    "std": 0.1163774385049098
  },
  "ctx2_k10": {
    "mean": 0.35906906649470327,
    "std": 0.12162302077558232
  },
  "ctx2_t05": {
    "mean": 0.35738967433571817,
    "std": 0.12013353755266046
  },
  "ctx2_t2": {
    "mean": 0.3556986182928085,
    "std": 0.11997453588757186
  },
  "ctx2_regbank": {
    "mean": 0.32160968855023386,
    "std": 0.12527108575015392
  },
  "ctx2_delta_regbank": {
    "mean": 0.32465262077748774,
    "std": 0.12214381506560967
  }
}