{
  "baseline": {
    "mean": 0.33246937170624735,
    "std": 0.11830121106966247
  },
  "ctx4": {
    "mean": 0.38139630258083346,
    "std": 0.11339974653224967
  },
  "ctx8": {
    "mean": 0.4022043630480766,
    "std": 0.11901643858140196
  },
  "ctx16": {
    "mean": 0.39945244416594505,
    "std": 0.1062674370727855
  },
  "ctx4_delta_f0": {
    "mean": 0.3864370472729206,
    "std": 0.11034593051090616
  },
  "ctx8_delta_f0": {
    "mean": 0.40550497695803644,
    "std": 0.1151459714301782
  },
  "ctx4_invfratio": {
    "mean": 0.386946402490139,
    "std": 0.09846849465816014
  },
  "ctx8_invfratio": {
    "mean": 0.41903454139828683,
    "std": 0.10926912313997736
  },
  "ctx4_delta_f0_invfr": {
    "mean": 0.3930209666490555,
    "std": 0.09809293317059603
  },
  "ctx8_delta_f0_invfr": {
    "mean": 0.4182585418224335,
    "std": 0.10515235758014188
  }
}