{
  "ref5_k5": {
    "mean": 0.3240044839680195,
    "std": 0.12335036300950758
  },
  "ref10_k5": {
    "mean": 0.33246937170624735,
    "std": 0.11830121106966247
  },
  "ref10_k10": {
    "mean": 0.3333555173128843,
    "std": 0.11922230769074132
  },
  "ref20_k5": {
    "mean": 0.32914297431707384,
    "std": 0.11758831912898124
  },
  "ref20_k10": {
    "mean": 0.3330692760646343,
    "std": 0.11849573764739374
  },
  "ref20_k20": {
    "mean": 0.3338166192173958,
    "std": 0.11827922996222263
  },
  "ref50_k10": {
    "mean": 0.3327511206269264,
    "std": 0.11842486252520383
  },
  "ref10_k10_t05": {
    "mean": 0.33376224860548975,
    "std": 0.11952638849279028
  },
  "ref10_k10_t2": {
    "mean": 0.3331176988780499,
    "std": 0.11912414312111536
  }
}