{
  "raw_nn": {
    "mean": 0.29946402851492165,
    "std": 0.1238318640247398,
    "scores": [
      0.2597988247871399,
      0.12428703159093857,
      0.27355635166168213,
      0.45335230231285095,
      0.35811376571655273,
      0.21499112248420715,
      0.3393646776676178,
      0.06235463544726372,
      0.43867573142051697,
      0.3501698970794678,
      0.20539432764053345,
      0.22780287265777588,
      0.4009704887866974,
      0.3903423547744751,
      0.07946665585041046,
      0.3828613758087158,
      0.3703305125236511,
      0.16011366248130798,
      0.48654618859291077,
      0.41078779101371765
    ]
  },
  "norm_nn": {
    "mean": 0.2990747507661581,
    "std": 0.1268336781731028,
    "scores": [
      0.252315878868103,
      0.13835839927196503,
      0.28447988629341125,
      0.44023042917251587,
      0.27992939949035645,
      0.2749761939048767,
      0.38113370537757874,
      0.08238670229911804,
      0.4614623188972473,
      0.3753437101840973,
      0.17493490874767303,
      0.22048792243003845,
      0.41371950507164,
      0.4029960632324219,
      0.07616468518972397,
      0.44156983494758606,
      0.2925467789173126,
      0.15039795637130737,
      0.5198041796684265,
      0.31825655698776245
    ]
  },
  "norm_soft5": {
    "mean": 0.3322851240634918,
    "std": 0.1177505425133144,
    "scores": [
      0.25464311242103577,
      0.16122455894947052,
      0.33740079402923584,
      0.4461984634399414,
      0.3501076102256775,
      0.2781963050365448,
      0.40259140729904175,
      0.12818878889083862,
      0.4556218385696411,
      0.4161948561668396,
      0.2057742178440094,
      0.26844000816345215,
      0.3959498703479767,
      0.47311344742774963,
      0.12328080832958221,
      0.39050519466400146,
      0.3865712285041809,
      0.2414519190788269,
      0.5635812878608704,
      0.3666667640209198
    ]
  },
  "dtw_oracle": {
    "mean": 0.7164753347635269,
    "std": 0.06034723169093384,
    "scores": [
      0.7040213346481323,
      0.5814403891563416,
      0.8321616649627686,
      0.7717199921607971,
      0.718013346195221,
      0.7566449046134949,
      0.7497150301933289,
      0.7414248585700989,
      0.8050673007965088,
      0.6683130264282227,
      0.6917570233345032,
      0.7371850609779358,
      0.7141221761703491,
      0.6030677556991577,
      0.7302937507629395,
      0.6367179155349731,
      0.7297317981719971,
      0.6808197498321533,
      0.7670221328735352,
      0.7102674841880798
    ]
  },
  "tgt_mean_const": {
    "mean": 0.028875507600605487,
    "std": 0.08119205230615989,
    "scores": [
      0.02378574013710022,
      -0.028353683650493622,
      0.11795449256896973,
      0.06940578669309616,
      0.07359229773283005,
      -0.04660136252641678,
      0.027590792626142502,
      0.04923320934176445,
      0.15458956360816956,
      -0.027163386344909668,
      -0.10743474215269089,
      0.0750579982995987,
      0.07346894592046738,
      0.06557302176952362,
      -0.06452532112598419,
      -0.11858472228050232,
      0.007884804159402847,
      0.2015630155801773,
      0.07336120307445526,
      -0.042887501418590546
    ]
  }
}