{
  "sims": {
    "target_secs": 0.5230491161346436,
    "source_secs": 0.5524733662605286
  },
  "losses": {
    "speaker": 0.47695088386535645,
    "leak": 0.3524733781814575,
    "stft": 1.645656943321228,
    "latent": 0.42226719856262207
  },
  "grad": {
    "speaker": {
      "z_pred": {
        "rms": 5.602651071967557e-05,
        "norm": 0.020283762365579605,
        "max": 0.0006109538371674716,
        "finite": true
      },
      "audio": {
        "rms": 0.5004884004592896,
        "norm": 128.12503051757812,
        "max": 7.117266654968262,
        "finite": true
      }
    },
    "leak": {
      "z_pred": {
        "rms": 5.546622924157418e-05,
        "norm": 0.020080918446183205,
        "max": 0.0008274964056909084,
        "finite": true
      },
      "audio": {
        "rms": 0.5066816210746765,
        "norm": 129.7104949951172,
        "max": 8.174601554870605,
        "finite": true
      }
    },
    "stft": {
      "z_pred": {
        "rms": 1.5542740584351122e-05,
        "norm": 0.005627072881907225,
        "max": 0.00021915894467383623,
        "finite": true
      },
      "audio": {
        "rms": 0.7358630299568176,
        "norm": 188.3809356689453,
        "max": 10.607564926147461,
        "finite": true
      }
    },
    "latent": {
      "z_pred": {
        "rms": 1.5735699889773969e-06,
        "norm": 0.0005696931621059775,
        "max": 9.092475011129864e-06,
        "finite": true
      },
      "audio": {
        "rms": 0.0,
        "norm": 0.0,
        "max": 0.0,
        "finite": false
      }
    }
  },
  "grad_cosine": {
    "speaker_vs_leak": 0.062184207141399384,
    "speaker_vs_stft": 0.06378427147865295,
    "speaker_vs_latent": 0.0057317474856972694,
    "leak_vs_stft": 0.0633217990398407,
    "leak_vs_latent": 0.004628272727131844,
    "stft_vs_latent": 0.10899478197097778
  }
}