{
  "n_pairs": 50,
  "checkpoint_epoch": 18,
  "per_depth_cos_mean": [
    0.3219753289222717,
    0.25719504684209826,
    0.16148995572701097,
    0.16514173462986947,
    0.11604011677205563,
    0.13364305913448335,
    0.11422515311278403,
    0.047313985240180045
  ],
  "per_depth_cos_std": [
    0.07799832627452889,
    0.05291592997135138,
    0.05052734734370279,
    0.038325284682574165,
    0.033488691022498275,
    0.041569654937181975,
    0.03787356500904768,
    0.030397253049655768
  ],
  "per_depth_acc_mean": [
    0.005909091085195542,
    0.007613636590540409,
    0.001250000037252903,
    0.0034090910106897355,
    0.003522727377712727,
    0.012272727638483048,
    0.0020454546064138414,
    0.0017045455053448677
  ],
  "per_depth_acc_std": [
    0.006115283840010432,
    0.006685257508364706,
    0.0030681819096207616,
    0.003936479225427304,
    0.003918395491678797,
    0.010375193227853324,
    0.003165542884609645,
    0.00305975282251416
  ],
  "per_depth_rank_mean": [
    319.3436474609375,
    327.23046325683595,
    387.8072857666016,
    380.99773864746095,
    421.59296813964846,
    408.3246704101563,
    421.2743310546875,
    472.0828564453125
  ],
  "per_depth_rank_std": [
    56.44548989171778,
    39.9337920008135,
    39.97058172139619,
    31.519663229598905,
    27.286876759700373,
    31.515311973836514,
    30.56406195417919,
    24.77886066090319
  ],
  "secs_oracle_target": {
    "mean": 0.6642969524860383,
    "std": 0.07835201352266054
  },
  "secs_model_hard_target": {
    "mean": 0.040612069945782425,
    "std": 0.06352212904740533
  },
  "secs_model_soft_target": {
    "0.1": {
      "mean": 0.04051801210269332,
      "std": 0.06245849512984749
    },
    "0.5": {
      "mean": 0.041827936731278895,
      "std": 0.06302769565007821
    },
    "1.0": {
      "mean": 0.04631292024627328,
      "std": 0.0601322599240095
    },
    "2.0": {
      "mean": 0.052720097452402116,
      "std": 0.056893324118068876
    },
    "5.0": {
      "mean": 0.06912778250873089,
      "std": 0.06046651159023842
    }
  },
  "secs_oracle_source": {
    "mean": 0.19082110721617937,
    "std": 0.1111046390399781
  },
  "secs_model_hard_source": {
    "mean": 0.1263051149994135,
    "std": 0.03521316715530168
  },
  "secs_model_soft_source": {
    "0.1": {
      "mean": 0.12975682299584151,
      "std": 0.03800038655565435
    },
    "0.5": {
      "mean": 0.14002477504312993,
      "std": 0.03707422607153093
    },
    "1.0": {
      "mean": 0.15253525704145432,
      "std": 0.03940169160514588
    },
    "2.0": {
      "mean": 0.16809163004159927,
      "std": 0.03474805295457965
    },
    "5.0": {
      "mean": 0.23115506172180175,
      "std": 0.0267284069433626
    }
  }
}