{
  "n_pairs": 50,
  "sigmas": [
    0.0,
    0.005,
    0.01,
    0.02,
    0.05,
    0.1,
    0.2,
    0.5
  ],
  "taus": [
    0.1,
    0.5,
    1.0,
    2.0,
    5.0
  ],
  "path_A_secs": {
    "0.0": {
      "mean": 0.6403034299612045,
      "std": 0.06873609058551253,
      "n_valid": 50
    },
    "0.005": {
      "mean": 0.6402561116218567,
      "std": 0.06868527661518398,
      "n_valid": 50
    },
    "0.01": {
      "mean": 0.6403493934869766,
      "std": 0.0686714110094908,
      "n_valid": 50
    },
    "0.02": {
      "mean": 0.6401725721359253,
      "std": 0.06870851189186566,
      "n_valid": 50
    },
    "0.05": {
      "mean": 0.6402990162372589,
      "std": 0.06845789791617904,
      "n_valid": 50
    },
    "0.1": {
      "mean": 0.6401716613769531,
      "std": 0.0693419593323309,
      "n_valid": 50
    },
    "0.2": {
      "mean": 0.6402862650156022,
      "std": 0.06693726099701595,
      "n_valid": 50
    },
    "0.5": {
      "mean": 0.6379927468299865,
      "std": 0.06387359473202592,
      "n_valid": 50
    }
  },
  "path_B_secs": {
    "0.0": {
      "mean": 0.6642971801757812,
      "std": 0.07835170619604041,
      "n_valid": 50
    },
    "0.005": {
      "mean": 0.6641032993793488,
      "std": 0.0790045205338369,
      "n_valid": 50
    },
    "0.01": {
      "mean": 0.6651574105024338,
      "std": 0.07841966807919358,
      "n_valid": 50
    },
    "0.02": {
      "mean": 0.6670711719989777,
      "std": 0.07591600709110445,
      "n_valid": 50
    },
    "0.05": {
      "mean": 0.6624689716100692,
      "std": 0.078062972267684,
      "n_valid": 50
    },
    "0.1": {
      "mean": 0.6624077218770981,
      "std": 0.07988802623214807,
      "n_valid": 50
    },
    "0.2": {
      "mean": 0.6616740906238556,
      "std": 0.07410800007349673,
      "n_valid": 50
    },
    "0.5": {
      "mean": 0.6594642800092697,
      "std": 0.08080818167651102,
      "n_valid": 50
    }
  },
  "path_C_secs": {
    "sigma=0.0_tau=0.1": {
      "mean": 0.664856384396553,
      "std": 0.07954074528831537,
      "n_valid": 50
    },
    "sigma=0.0_tau=0.5": {
      "mean": 0.6701077318191528,
      "std": 0.07645159443171592,
      "n_valid": 50
    },
    "sigma=0.0_tau=1.0": {
      "mean": 0.674905333518982,
      "std": 0.07572256829564154,
      "n_valid": 50
    },
    "sigma=0.0_tau=2.0": {
      "mean": 0.6835620987415314,
      "std": 0.07657480135182608,
      "n_valid": 50
    },
    "sigma=0.0_tau=5.0": {
      "mean": 0.6984284234046936,
      "std": 0.07348080631852023,
      "n_valid": 50
    },
    "sigma=0.005_tau=0.1": {
      "mean": 0.6642820531129837,
      "std": 0.0792784110728935,
      "n_valid": 50
    },
    "sigma=0.005_tau=0.5": {
      "mean": 0.6702287209033966,
      "std": 0.07638677646714705,
      "n_valid": 50
    },
    "sigma=0.005_tau=1.0": {
      "mean": 0.6748505866527558,
      "std": 0.07570180283593612,
      "n_valid": 50
    },
    "sigma=0.005_tau=2.0": {
      "mean": 0.6833808171749115,
      "std": 0.0766088178638128,
      "n_valid": 50
    },
    "sigma=0.005_tau=5.0": {
      "mean": 0.6984061777591706,
      "std": 0.07343843308268647,
      "n_valid": 50
    },
    "sigma=0.01_tau=0.1": {
      "mean": 0.6659017705917358,
      "std": 0.08020065056427825,
      "n_valid": 50
    },
    "sigma=0.01_tau=0.5": {
      "mean": 0.6709733116626739,
      "std": 0.07655362001931855,
      "n_valid": 50
    },
    "sigma=0.01_tau=1.0": {
      "mean": 0.6752066218852997,
      "std": 0.07539336749049477,
      "n_valid": 50
    },
    "sigma=0.01_tau=2.0": {
      "mean": 0.683683009147644,
      "std": 0.07642807587075395,
      "n_valid": 50
    },
    "sigma=0.01_tau=5.0": {
      "mean": 0.6984886527061462,
      "std": 0.07333744623054225,
      "n_valid": 50
    },
    "sigma=0.02_tau=0.1": {
      "mean": 0.6676877117156983,
      "std": 0.07823414546222233,
      "n_valid": 50
    },
    "sigma=0.02_tau=0.5": {
      "mean": 0.669798469543457,
      "std": 0.07809305209173319,
      "n_valid": 50
    },
    "sigma=0.02_tau=1.0": {
      "mean": 0.6755516368150711,
      "std": 0.07609023452805563,
      "n_valid": 50
    },
    "sigma=0.02_tau=2.0": {
      "mean": 0.6833566761016846,
      "std": 0.07654577822629369,
      "n_valid": 50
    },
    "sigma=0.02_tau=5.0": {
      "mean": 0.6981973195075989,
      "std": 0.07361529981538514,
      "n_valid": 50
    },
    "sigma=0.05_tau=0.1": {
      "mean": 0.6653053992986679,
      "std": 0.07717209703596542,
      "n_valid": 50
    },
    "sigma=0.05_tau=0.5": {
      "mean": 0.6705253738164901,
      "std": 0.07665243222785884,
      "n_valid": 50
    },
    "sigma=0.05_tau=1.0": {
      "mean": 0.6744698977470398,
      "std": 0.07733954824188817,
      "n_valid": 50
    },
    "sigma=0.05_tau=2.0": {
      "mean": 0.6833759385347367,
      "std": 0.07617592634370958,
      "n_valid": 50
    },
    "sigma=0.05_tau=5.0": {
      "mean": 0.6989814484119415,
      "std": 0.0731590198922088,
      "n_valid": 50
    },
    "sigma=0.1_tau=0.1": {
      "mean": 0.6670985639095306,
      "std": 0.08055798427423352,
      "n_valid": 50
    },
    "sigma=0.1_tau=0.5": {
      "mean": 0.6679358381032944,
      "std": 0.08040986243098823,
      "n_valid": 50
    },
    "sigma=0.1_tau=1.0": {
      "mean": 0.6727329921722413,
      "std": 0.08041493911643126,
      "n_valid": 50
    },
    "sigma=0.1_tau=2.0": {
      "mean": 0.6823832088708878,
      "std": 0.07887509022302151,
      "n_valid": 50
    },
    "sigma=0.1_tau=5.0": {
      "mean": 0.6980374121665954,
      "std": 0.07338483295345204,
      "n_valid": 50
    },
    "sigma=0.2_tau=0.1": {
      "mean": 0.6660821688175201,
      "std": 0.07367313449418243,
      "n_valid": 50
    },
    "sigma=0.2_tau=0.5": {
      "mean": 0.6697049379348755,
      "std": 0.0763735555512057,
      "n_valid": 50
    },
    "sigma=0.2_tau=1.0": {
      "mean": 0.6741434764862061,
      "std": 0.07506257266998848,
      "n_valid": 50
    },
    "sigma=0.2_tau=2.0": {
      "mean": 0.6823740315437317,
      "std": 0.07454057531998559,
      "n_valid": 50
    },
    "sigma=0.2_tau=5.0": {
      "mean": 0.6965488338470459,
      "std": 0.0732200252550833,
      "n_valid": 50
    },
    "sigma=0.5_tau=0.1": {
      "mean": 0.6610537213087082,
      "std": 0.08068212775634023,
      "n_valid": 50
    },
    "sigma=0.5_tau=0.5": {
      "mean": 0.6686031007766724,
      "std": 0.07891558816508229,
      "n_valid": 50
    },
    "sigma=0.5_tau=1.0": {
      "mean": 0.6741944921016693,
      "std": 0.08056442322283217,
      "n_valid": 50
    },
    "sigma=0.5_tau=2.0": {
      "mean": 0.6829305803775787,
      "std": 0.07687520858608543,
      "n_valid": 50
    },
    "sigma=0.5_tau=5.0": {
      "mean": 0.6937426853179932,
      "std": 0.07540395554213815,
      "n_valid": 50
    }
  },
  "flip_rate": {
    "0.0": {
      "0": 0.0,
      "1": 0.0,
      "2": 0.0,
      "3": 0.0,
      "4": 0.0,
      "5": 0.0,
      "6": 0.0,
      "7": 0.0
    },
    "0.005": {
      "0": 0.0021590909734368322,
      "1": 0.004090909212827683,
      "2": 0.005909091085195542,
      "3": 0.007272727489471435,
      "4": 0.010909091234207153,
      "5": 0.011136363968253135,
      "6": 0.015340909510850907,
      "7": 0.01625000048428774
    },
    "0.01": {
      "0": 0.004090909212827683,
      "1": 0.008295454792678356,
      "2": 0.012159091271460056,
      "3": 0.014772727675735951,
      "4": 0.021250000558793544,
      "5": 0.024545455053448677,
      "6": 0.030000000409781933,
      "7": 0.03113636441528797
    },
    "0.02": {
      "0": 0.00784090932458639,
      "1": 0.01863636411726475,
      "2": 0.024090909771621226,
      "3": 0.0321590917557478,
      "4": 0.040795455612242223,
      "5": 0.04761363744735718,
      "6": 0.06079545605927706,
      "7": 0.06704545665532351
    },
    "0.05": {
      "0": 0.026250000670552255,
      "1": 0.047272728495299815,
      "2": 0.058522728458046916,