{
  "sims": {
    "target_secs": 0.14412908256053925,
    "source_secs": 0.4182506501674652
  },
  "losses": {
    "speaker": 0.8558709025382996,
    "leak": 0.21825064718723297,
    "stft": 2.132699489593506,
    "latent": 0.6257498264312744
  },
  "grad": {
    "speaker": {
      "z_pred": {
        "rms": 4.2816791392397135e-05,
        "norm": 0.015501335263252258,
        "max": 0.0003728177980519831,
        "finite": true
      },
      "audio": {
        "rms": 0.09770568460226059,
        "norm": 25.01265525817871,
        "max": 1.8584100008010864,
        "finite": true
      }
    },
    "leak": {
      "z_pred": {
        "rms": 7.046251266729087e-05,
        "norm": 0.02551015466451645,
        "max": 0.0006616184255108237,
        "finite": true
      },
      "audio": {
        "rms": 0.1362210065126419,
        "norm": 34.87257766723633,
        "max": 2.4932405948638916,
        "finite": true
      }
    },
    "stft": {
      "z_pred": {
        "rms": 1.158307622972643e-05,
        "norm": 0.004193521570414305,
        "max": 0.00015617566532455385,
        "finite": true
      },
      "audio": {
        "rms": 0.2899757921695709,
        "norm": 74.23380279541016,
        "max": 3.41286039352417,
        "finite": true
      }
    },
    "latent": {
      "z_pred": {
        "rms": 1.9210133359592874e-06,
        "norm": 0.0006954810814931989,
        "max": 1.1055452887376305e-05,
        "finite": true
      },
      "audio": {
        "rms": 0.0,
        "norm": 0.0,
        "max": 0.0,
        "finite": false
      }
    }
  },
  "grad_cosine": {
    "speaker_vs_leak": -0.2961181402206421,
    "speaker_vs_stft": 0.0052909841760993,
    "speaker_vs_latent": -0.02479468286037445,
    "leak_vs_stft": -0.03242858499288559,
    "leak_vs_latent": -0.00746452622115612,
    "stft_vs_latent": 0.07656965404748917
  }
}